Category,Use-Case,Pain-Point,Expected Output
Data Analysis & Reporting,Monthly sales performance dashboard creation,Time-consuming to aggregate data from multiple sources,Automated dashboard showing key metrics and trends
Data Analysis & Reporting,Customer churn analysis from CRM data,Difficult to identify patterns leading to churn,Insights on retention strategies and at-risk customers
Data Analysis & Reporting,Website traffic trend analysis,Manual data extraction and reporting,Automated reports highlighting significant changes and patterns
Data Analysis & Reporting,Financial variance reporting,Errors in manual calculations,Accurate variance reports with actionable insights
Data Analysis & Reporting,Inventory turnover analysis,Inaccurate inventory predictions,Optimized stock levels and reduced holding costs
Data Analysis & Reporting,Employee productivity metrics compilation,Lack of visibility into performance,Clear productivity metrics for performance evaluation
Data Analysis & Reporting,Marketing campaign ROI analysis,Inconsistent data evaluation,Standardized ROI metrics to guide future campaigns
Data Analysis & Reporting,Quality control data aggregation,Time-consuming to collect and analyze,Waste reduction and quality improvement insights
Data Analysis & Reporting,Competitive pricing analysis,Complex market data evaluation,Detailed pricing strategy recommendations
Content Creation & Marketing,Social media content calendar creation,Inconsistent posting schedules,Automated posting schedules with content recommendations
Content Creation & Marketing,Blog post SEO optimization,Difficulty in keeping up with SEO best practices,SEO-friendly content with higher search ranking
Content Creation & Marketing,Email newsletter template design,Lack of engaging templates,Attractive and responsive design for better engagement
Content Creation & Marketing,Product description writing for e-commerce,Uniform and uninspiring descriptions,Compelling product content that increases conversion
Content Creation & Marketing,Press release drafting,Inconsistent messaging,Well-structured press releases with key messaging
Content Creation & Marketing,Marketing copy A/B testing,Difficult to manage tests,Insights on best-performing copy versions
Content Creation & Marketing,Video script creation,Time-consuming script writing,Clear and effective scripts for engaging videos
Content Creation & Marketing,Infographic design and data visualization,Complex data presentation,Visually appealing graphics with concise data
Content Creation & Marketing,Brand guideline documentation,Lack of consistent branding,Comprehensive guideline ensuring consistent brand identity
Project Management & Planning,Gantt chart creation for project timelines,Manual timeline adjustments,Flexible and accurate project timelines
Project Management & Planning,Scrum board setup for agile teams,Disorganized task management,Visual task tracking to enhance team collaboration
Project Management & Planning,Risk assessment document preparation,Omitting critical risks,Complete risk management plan
Project Management & Planning,Milestone tracking and reporting,Inaccurate milestone progress,Clear milestone updates for stakeholders
Project Management & Planning,Team workload balancing,Overloaded team members,Optimized workload distribution
Project Management & Planning,Resource allocation planning,Ineffective resource usage,Optimized resource use for project efficiency
Project Management & Planning,Meeting agenda creation,Unstructured and unfocused meetings,Focused agendas with defined objectives
Project Management & Planning,KPI tracking and reporting,Unstandardized KPI measurement,Consistent KPI reports for strategic decision-making
Project Management & Planning,Budget forecast and update,Errors in budget projections,Accurate financial planning with up-to-date forecasts
Customer Support & Communication,Automated replies to common queries,Slow response times,Quick resolution with reduced manual effort
Customer Support & Communication,Support ticket categorization and routing,Delayed ticket responses,Efficient ticket routing with priority handling
Customer Support & Communication,Customer feedback collection and analysis,Undervalued customer feedback,Actionable insights for service improvement
Customer Support & Communication,CRM data update and maintenance,Outdated customer profiles,Accurate and real-time CRM data for better service
Customer Support & Communication,Chatbot integration for instant support,High volume of simple inquiries handled manually,Instant answers to common questions via chatbot
Customer Support & Communication,Customer loyalty program management,Unclear customer engagement insights,High retention programs with clear customer insights
Customer Support & Communication,Service request escalation processes,Delayed escalations,Efficient escalation protocols
Customer Support & Communication,Cross-channel communication synchronization,Miscommunication between channels,Unified communication strategy
Customer Support & Communication,Personalized customer follow-up scheduling,Missed follow-ups,Timely and targeted customer follow-ups
Financial Management & Accounting,Invoice generation and tracking,Errors in manual invoice handling,Accurate invoices with efficient tracking
Financial Management & Accounting,Expense report processing,Time-consuming manual approval,Automated expense approval process
Financial Management & Accounting,Cash flow forecasting,Inaccuracy in predictions,Real-time insights for financial planning
Financial Management & Accounting,Tax calculation and filing preparation,Complex tax regulations,Accurate tax preparation and filing assistance
Financial Management & Accounting,Budget vs actual variance analysis,Discrepancies in budget tracking,Clear variance analysis to control costs
Financial Management & Accounting,Payment reminder automation,Delayed payments due to oversight,Timely payment reminders
Financial Management & Accounting,Financial statement preparation,Error-prone manual preparation,Accurate financial statements with reduced manual work
Financial Management & Accounting,Cost center reporting,Lack of visibility into cost center performance,Detailed reports for better cost management
Financial Management & Accounting,Vendor payment processing,Delayed vendor payments,Smooth and timely vendor payment process
HR & People Operations,Employee onboarding workflow,Disorganized onboarding tasks,Streamlined onboarding process with necessary documentation
HR & People Operations,Performance review scheduling and tracking,Inefficient tracking of performance discussions,Consistent performance assessments
HR & People Operations,Leave request management,Inconsistent leave tracking,Accurate leave management with automated tracking
HR & People Operations,Payroll calculation and processing,Manual payroll errors,Accurate and timely payroll handling
HR & People Operations,Job posting and candidate screening,Inconsistent candidate evaluation,Effective recruitment process
HR & People Operations,Training program enrollment,Lack of training enrollment insights,Efficient enrollment with progress tracking
HR & People Operations,Employee survey distribution and analysis,Poor survey engagement,Insightful surveys with actionable feedback
HR & People Operations,Compliance training tracking,Negligence of compliance requirements,Complete compliance training records
HR & People Operations,Benefits enrollment management,Confusing benefits enrollment,Clear and straightforward enrollment process
Sales & CRM,Lead qualification and scoring,Inefficient lead prioritization,Optimized lead management with better conversion
Sales & CRM,Sales pipeline tracking and forecasting,Unclear sales journey,Clear sales forecasts with actionable data
Sales & CRM,Customer profile creation and updates,Incomplete customer data,Well-maintained customer profiles for effective communication
Sales & CRM,Quote generation and approval workflow,Slow quote processing,Quick approval and generation of quotes
Sales & CRM,Territory assignment and management,Disorganized territory distribution,Clear territory management improving sales efforts
Sales & CRM,Sales performance dashboard creation,Lack of sales performance insights,Comprehensive sales reports for strategy planning
Sales & CRM,Customer win/loss analysis,Inconsistent success factor analysis,Effective strategies from detailed win/loss assessments
Sales & CRM,Referral program tracking,Underperforming referral initiatives,Optimized referral strategy with growth insights
Sales & CRM,Contract renewal notification system,Overlooked renewals,Automated contract renewal alerts
IT & Technical Operations,System backup and recovery procedures,Data loss risk,Robust backup and recovery strategy
IT & Technical Operations,Software license management,Underutilized software resources,Optimized license management
IT & Technical Operations,Security audit and compliance reporting,Vulnerability exposure,Comprehensive security audit reports
IT & Technical Operations,Network monitoring and alerting,Network downtime risks,Proactive network monitoring reducing downtime
IT & Technical Operations,User access management,Unauthorized access incidents,Secured access control policies
IT & Technical Operations,Database optimization and maintenance,Inefficient data access,Improved database performance and reliability
IT & Technical Operations,Bug tracking and resolution workflow,Unresolved critical bugs,Efficient bug resolution process
IT & Technical Operations,DevOps pipeline automation,Inefficient deployment processes,Seamless automation reducing deployment time
IT & Technical Operations,Documentation update and version control,Outdated technical documents,Up-to-date and accessible documentation
Legal & Compliance,Contract review and approval workflow,Bottlenecks in contract processing,Streamlined contract management
Legal & Compliance,Regulatory filing preparation,Filing errors due to complex regulations,Accurate filing supporting regulatory compliance
Legal & Compliance,Policy document updates,Outdated compliance policies,Updated and accessible policy documentation
Legal & Compliance,Risk assessment documentation,Ineffective risk management,Complete documentation of risk mitigation strategies
Legal & Compliance,Audit trail creation and maintenance,Incomplete audit records,Comprehensive and compliant audit trails
Legal & Compliance,Legal research and case study compilation,Inefficient legal research efforts,Streamlined access to relevant case studies
Legal & Compliance,Intellectual property tracking,Missing IP protection,Proactive management of intellectual assets
Legal & Compliance,Data privacy compliance monitoring,Non-compliance with data protection laws,Efficient monitoring ensuring compliance
Legal & Compliance,Vendor agreement management,Overlooked contract obligations,Effective vendor relationship management
Personal Productivity,Email organization and filtering,Overwhelming inbox clutter,Organized inbox with prioritized emails
Personal Productivity,Calendar scheduling and conflict resolution,Double-booked appointments,Effortless scheduling with conflict resolution
Personal Productivity,Task prioritization and deadline tracking,Missed deadlines,Clear task management ensuring timely completion
Personal Productivity,Document template creation,Inconsistent document formats,Standardized templates for efficiency
Personal Productivity,Meeting notes transcription and action item extraction,Time-consuming note taking,Instant action items from meeting notes
Personal Productivity,Travel itinerary planning,Stressful and disorganized travel plans,Organized itineraries for hassle-free travel
Personal Productivity,Expense tracking and categorization,Lack of personal expense insights,Clear financial picture with categorized expenses
Personal Productivity,Password management and security,Insecure password handling,Secure and easily accessible passwords
Personal Productivity,Personal goal tracking and progress reporting,Untracked personal goals,Visual progress towards personal milestones

